id,source,title,description,url,published_at,collected_at
cvgz155y9exo?at_medium=RSS&at_campaign=rss,BBC News,Election results so far at a glance - and what's still to come,Reform UK has made gains at the expense of Labour and the Conservatives in early council election results overnight.,https://www.bbc.com/news/articles/cvgz155y9exo?at_medium=RSS&at_campaign=rss,"Fri, 08 May 2026 05:05:09 GMT",2026-05-08T05:49:39.847987
cdrpxvz61vko?at_medium=RSS&at_campaign=rss,BBC News,Labour expected to lose Senedd after century of winning elections in Wales,Labour sources have told the BBC the party's century-long winning run is expected to come to an end.,https://www.bbc.com/news/articles/cdrpxvz61vko?at_medium=RSS&at_campaign=rss,"Fri, 08 May 2026 05:03:27 GMT",2026-05-08T05:49:39.848019
cn4pyrnmplgo?at_medium=RSS&at_campaign=rss,BBC News,Six things to watch out for in the Scottish election,Results are expected to be announced across the country from early on Friday afternoon.,https://www.bbc.com/news/articles/cn4pyrnmplgo?at_medium=RSS&at_campaign=rss,"Fri, 08 May 2026 05:08:09 GMT",2026-05-08T05:49:39.848037
c0ljrp76ywxo?at_medium=RSS&at_campaign=rss,BBC News,What early election results show us in maps and charts,"See which parties are winning - and losing – across the UK and who’s won in your area, using our interactive tool.",https://www.bbc.com/news/articles/c0ljrp76ywxo?at_medium=RSS&at_campaign=rss,"Fri, 08 May 2026 05:07:31 GMT",2026-05-08T05:49:39.848053
cp3pww9g0p5o?at_medium=RSS&at_campaign=rss,BBC News,David Attenborough says he is 'overwhelmed' by 100th birthday messages,The legendary wildlife broadcaster thanks fans in a message the day before he reaches his centenary.,https://www.bbc.com/news/articles/cp3pww9g0p5o?at_medium=RSS&at_campaign=rss,"Thu, 07 May 2026 16:00:10 GMT",2026-05-08T05:49:39.848069
c1e2pdw1808o?at_medium=RSS&at_campaign=rss,BBC News,Quiz: Which facial feature almost stopped Attenborough's TV career?,Sir David Attenborough turns 100. How well do you know the broadcaster's life and career?,https://www.bbc.com/news/articles/c1e2pdw1808o?at_medium=RSS&at_campaign=rss,"Thu, 07 May 2026 10:14:14 GMT",2026-05-08T05:49:39.848086
c626zyywxjno?at_medium=RSS&at_campaign=rss,BBC News,Trump says US-Iran ceasefire still in place after exchange of fire in Strait of Hormuz,"Iran accuses the US of violating the truce, alleging it targeted an oil tanker and carried out attacks on coastal areas.",https://www.bbc.com/news/articles/c626zyywxjno?at_medium=RSS&at_campaign=rss,"Fri, 08 May 2026 04:28:00 GMT",2026-05-08T05:49:39.848105
cnvpzgn26edo?at_medium=RSS&at_campaign=rss,BBC News,"Hantavirus outbreak on cruise ship not start of pandemic, UN health agency says",Ther World Health Organization says it is not in the same situation as with Covid-19 because hantavirus spreads differently.,https://www.bbc.com/news/articles/cnvpzgn26edo?at_medium=RSS&at_campaign=rss,"Thu, 07 May 2026 17:55:08 GMT",2026-05-08T05:49:39.848122
c4g0d1wp6g8o?at_medium=RSS&at_campaign=rss,BBC News,Man charged with allegedly threatening Andrew Mountbatten-Windsor,"Alex Jenkinson, 39, of Stowmarket, Suffolk, has been remanded in custody ahead of a court appearance.",https://www.bbc.com/news/articles/c4g0d1wp6g8o?at_medium=RSS&at_campaign=rss,"Thu, 07 May 2026 22:39:19 GMT",2026-05-08T05:49:39.848138
c707edw539ro?at_medium=RSS&at_campaign=rss,BBC News,Bonnie Tyler in induced coma after emergency surgery,The Total Eclipse of the Heart singer was rushed to hospital for emergency surgery in Portugal on Wednesday.,https://www.bbc.com/news/articles/c707edw539ro?at_medium=RSS&at_campaign=rss,"Thu, 07 May 2026 19:59:50 GMT",2026-05-08T05:49:39.848155
clypzxl3lvqo?at_medium=RSS&at_campaign=rss,BBC News,Instagram privacy tech is turned off today - what does this mean for your DMs?,"The platform said it would remove end-to-end encrypted messages, a major U‑turn by parent company Meta.",https://www.bbc.com/news/articles/clypzxl3lvqo?at_medium=RSS&at_campaign=rss,"Fri, 08 May 2026 01:31:55 GMT",2026-05-08T05:49:39.848170
cdrpx8pl36vo?at_medium=RSS&at_campaign=rss,BBC News,Two Islamic-State linked Australian women charged with crimes against humanity,A third woman who also returned to Australia from Syria was charged with joining a terrorist organisation.,https://www.bbc.com/news/articles/cdrpx8pl36vo?at_medium=RSS&at_campaign=rss,"Fri, 08 May 2026 05:07:55 GMT",2026-05-08T05:49:39.848186
c5yr4vle9w2o?at_medium=RSS&at_campaign=rss,BBC News,English clubs reach all three European finals for first time,English teams have reached the finals of three different European competitions in the same season for the first time.,https://www.bbc.com/sport/football/articles/c5yr4vle9w2o?at_medium=RSS&at_campaign=rss,"Thu, 07 May 2026 22:24:29 GMT",2026-05-08T05:49:39.848202
c1j74x9pe0eo?at_medium=RSS&at_campaign=rss,BBC News,Live from your living room: The rise of concert films and livestreamed gigs,Can't see your favourite act in the flesh? There might be a solution - but not everyone's a fan.,https://www.bbc.com/news/articles/c1j74x9pe0eo?at_medium=RSS&at_campaign=rss,"Thu, 07 May 2026 23:39:48 GMT",2026-05-08T05:49:39.848218
ce8pyyz5e0ro?at_medium=RSS&at_campaign=rss,BBC News,From oil giants to banks - these companies are making billions from Iran war,"Through surging profits or soaring share prices, the war has been a boon for some firms.",https://www.bbc.com/news/articles/ce8pyyz5e0ro?at_medium=RSS&at_campaign=rss,"Fri, 08 May 2026 05:00:29 GMT",2026-05-08T05:49:39.848234
clypnwd98peo?at_medium=RSS&at_campaign=rss,BBC News,Weekly quiz: Who was this mystery masked star at the Met Gala?,How much attention did you pay to what happened in the world over the past seven days?,https://www.bbc.com/news/articles/clypnwd98peo?at_medium=RSS&at_campaign=rss,"Thu, 07 May 2026 17:21:47 GMT",2026-05-08T05:49:39.848250
c78qep2jvj7o?at_medium=RSS&at_campaign=rss,BBC News,The Papers: 'Official exposed as Chinese spy' and 'Time for Starmer to stand aside',Several of the papers report that a Home Office official has been found guilty of working for Chinese intelligence.,https://www.bbc.com/news/articles/c78qep2jvj7o?at_medium=RSS&at_campaign=rss,"Fri, 08 May 2026 00:19:00 GMT",2026-05-08T05:49:39.848265
cwy2gj2jlr8o?at_medium=RSS&at_campaign=rss,BBC News,Rosenberg: Russia's Victory Day parade with no tanks a sign Ukraine war not going to plan,"For the first time in nearly two decades, there will be no military hardware, just soldiers during Saturday's parade in Moscow.",https://www.bbc.com/news/articles/cwy2gj2jlr8o?at_medium=RSS&at_campaign=rss,"Thu, 07 May 2026 16:00:05 GMT",2026-05-08T05:49:39.848281
c4g93v8jqnyo?at_medium=RSS&at_campaign=rss,BBC News,Anti-war protests rock Japan as PM pushes for stronger defence,Japan's largest anti-war protests in decades highlight a population divided over changes to its pacifist constitution.,https://www.bbc.com/news/articles/c4g93v8jqnyo?at_medium=RSS&at_campaign=rss,"Thu, 07 May 2026 22:15:51 GMT",2026-05-08T05:49:39.848297
c98r199e195o?at_medium=RSS&at_campaign=rss,BBC News,How worried should we be about hantavirus?,Some passengers potentially exposed to hantavirus have already taken flights to numerous countries.,https://www.bbc.com/news/articles/c98r199e195o?at_medium=RSS&at_campaign=rss,"Thu, 07 May 2026 15:01:07 GMT",2026-05-08T05:49:39.848315
cq6py38q81ro?at_medium=RSS&at_campaign=rss,BBC News,Five killed in huge fire at packed Mexico fairground,"The blaze in the south-eastern city of Villahermosa erupted during a concert reportedly attended by some 135,000 people.",https://www.bbc.com/news/articles/cq6py38q81ro?at_medium=RSS&at_campaign=rss,"Thu, 07 May 2026 21:08:35 GMT",2026-05-08T05:49:39.848331
c62ex9ykl53o?at_medium=RSS&at_campaign=rss,BBC News,Crowds cheer China's new snooker star on return from championship win,"Wu Yize, 22, receives a rock star's welcome after becoming second-youngest player to win a world title.",https://www.bbc.com/news/articles/c62ex9ykl53o?at_medium=RSS&at_campaign=rss,"Thu, 07 May 2026 20:59:43 GMT",2026-05-08T05:49:39.848347
c62r52l107po?at_medium=RSS&at_campaign=rss,BBC News,US to revoke passports of parents with child support debt,"Parents who have outstanding debt of more than $2,500 (€1,844) in child support payments could be impacted.",https://www.bbc.com/news/articles/c62r52l107po?at_medium=RSS&at_campaign=rss,"Fri, 08 May 2026 02:57:48 GMT",2026-05-08T05:49:39.848363
c2421d3r736o?at_medium=RSS&at_campaign=rss,BBC News,"Grogu is real star of new Star Wars film, says Pedro Pascal",The Mandalorian and Grogu marks Star Wars' return to cinemas for the first time in more than six years.,https://www.bbc.com/news/articles/c2421d3r736o?at_medium=RSS&at_campaign=rss,"Thu, 07 May 2026 20:36:03 GMT",2026-05-08T05:49:39.848379
cp3pyk4nw3lo?at_medium=RSS&at_campaign=rss,BBC News,Trump gives EU ultimatum deadline to approve trade deal with US,Trump's deadline to the European Union came as a trade court ruled his global tariff policy violated US law.,https://www.bbc.com/news/articles/cp3pyk4nw3lo?at_medium=RSS&at_campaign=rss,"Thu, 07 May 2026 23:11:35 GMT",2026-05-08T05:49:39.848395
c0m2wjlkzplo?at_medium=RSS&at_campaign=rss,BBC News,UK immigration officer among two men guilty of working for Chinese intelligence,"Chi Leung ""Peter"" Wai used the main immigration database to track Hong Kong dissidents in the UK.",https://www.bbc.com/news/articles/c0m2wjlkzplo?at_medium=RSS&at_campaign=rss,"Thu, 07 May 2026 17:09:29 GMT",2026-05-08T05:49:39.848411
cgjp5q6xvg9o?at_medium=RSS&at_campaign=rss,BBC News,Shakira unveils official World Cup 2026 song,Colombian pop star Shakira unveils her official song for the 2026 World Cup.,https://www.bbc.com/sport/football/articles/cgjp5q6xvg9o?at_medium=RSS&at_campaign=rss,"Thu, 07 May 2026 19:47:26 GMT",2026-05-08T05:49:39.848427
10628994?at_medium=RSS&at_campaign=rss,BBC News,BBC News app,"Top stories, breaking news, live reporting, and follow news topics that match your interests",https://www.bbc.co.uk/news/10628994?at_medium=RSS&at_campaign=rss,"Wed, 30 Apr 2025 14:04:28 GMT",2026-05-08T05:49:39.848444
p0njf9sj?at_medium=RSS&at_campaign=rss,BBC News,Electioncast: It’s Time To Vote!,"Adam, Laura, Chris, James and Felicity bring you one last update before the polls open.",https://www.bbc.co.uk/sounds/play/p0njf9sj?at_medium=RSS&at_campaign=rss,"Wed, 06 May 2026 19:08:00 GMT",2026-05-08T05:49:39.848460
p0njpzv3?at_medium=RSS&at_campaign=rss,BBC News,Is Donald Trump close to finishing his war with Iran?,Or has the US president lost control?,https://www.bbc.co.uk/sounds/play/p0njpzv3?at_medium=RSS&at_campaign=rss,"Wed, 06 May 2026 18:02:00 GMT",2026-05-08T05:49:39.848476
m002v46m?at_mid=LGSOf6Jgtl&at_campaign=McCartney_The_Hunt_for_the_Lost_Bass&at_medium=display_ad&at_campaign_type=owned&at_nation=NET&at_audience_id=SS&at_product=iplayer&at_brand=m002v46m&at_ptr_name=bbc&at_ptr_type=media&at_format=image&at_objective=consumption&at_link_title=McCartney_The_Hunt_for_the_Lost_Bass&at_bbc_team=BBC,BBC News,Paul McCartney’s 'lost bass’ and its remarkable return after 51 years,The story of Paul McCartney’s original Höfner bass and the fan-powered quest to find it.,https://www.bbc.co.uk/iplayer/episode/m002v46m?at_mid=LGSOf6Jgtl&at_campaign=McCartney_The_Hunt_for_the_Lost_Bass&at_medium=display_ad&at_campaign_type=owned&at_nation=NET&at_audience_id=SS&at_product=iplayer&at_brand=m002v46m&at_ptr_name=bbc&at_ptr_type=media&at_format=image&at_objective=consumption&at_link_title=McCartney_The_Hunt_for_the_Lost_Bass&at_bbc_team=BBC,"Sat, 11 Apr 2026 21:15:47 GMT",2026-05-08T05:49:39.848493
cddpy80r5dgo?at_medium=RSS&at_campaign=rss,BBC News,Vibrant and victorious - Villa ready to end 30-year trophy drought,When Unai Emery arrived at Aston Villa he declared he wanted to win trophies. He is now just a game away from silverware after a crushing Europa League semi-final win against Nottingham Forest.,https://www.bbc.com/sport/football/articles/cddpy80r5dgo?at_medium=RSS&at_campaign=rss,"Thu, 07 May 2026 23:06:44 GMT",2026-05-08T05:49:39.848509
cdepl8k6y5no?at_medium=RSS&at_campaign=rss,BBC News,Glasner's long Palace goodbye sets up 'perfect' finale,"Crystal Palace desperately did not want to be in the Conference League - now they are one game from winning it and creating more club history and a ""perfect"" finale for boss Oliver Glasner.",https://www.bbc.com/sport/football/articles/cdepl8k6y5no?at_medium=RSS&at_campaign=rss,"Thu, 07 May 2026 23:10:19 GMT",2026-05-08T05:49:39.848530
c62dz1j0e25o?at_medium=RSS&at_campaign=rss,BBC News,Littler beats Humphries for record-equalling win,Luke Littler beats Luke Humphries to claim a third successive night win and a record-equalling sixth in this season's Premier League.,https://www.bbc.com/sport/darts/articles/c62dz1j0e25o?at_medium=RSS&at_campaign=rss,"Thu, 07 May 2026 22:15:06 GMT",2026-05-08T05:49:39.848546
c98r4218l73o?at_medium=RSS&at_campaign=rss,BBC News,Valverde cut head when he 'accidentally hit table' in Tchouameni row,"Federico Valverde went to hospital after a dressing room row with Real Madrid team-mate Aurelien Tchouameni which left him with a head injury after he ""accidentally hit a table"".",https://www.bbc.com/sport/football/articles/c98r4218l73o?at_medium=RSS&at_campaign=rss,"Thu, 07 May 2026 21:40:26 GMT",2026-05-08T05:49:39.848562
cn7pv5nrvglo?at_medium=RSS&at_campaign=rss,BBC News,Alexander-Arnold's England omission 'mind-boggling' to Rooney,"Former England captain Wayne Rooney says it is ""mind-boggling"" that Trent Alexander-Arnold was left out of Thomas Tuchel's final squad before the World Cup.",https://www.bbc.com/sport/football/articles/cn7pv5nrvglo?at_medium=RSS&at_campaign=rss,"Fri, 08 May 2026 05:08:22 GMT",2026-05-08T05:49:39.848580
cpwpdpqd0z0o?at_medium=RSS&at_campaign=rss,BBC News,England's Kemp never considered future during injury woe,England all-rounder Freya Kemp says she did not consider retirement or continuing her career solely as a batter during her recent injury woes.,https://www.bbc.com/sport/cricket/articles/cpwpdpqd0z0o?at_medium=RSS&at_campaign=rss,"Fri, 08 May 2026 05:28:01 GMT",2026-05-08T05:49:39.848599
c302m1m2z3qo?at_medium=RSS&at_campaign=rss,BBC News,'I'll collect the trash' - Dubois on Wardley's bin-man jibe,"Daniel Dubois responds to fellow British heavyweight Fabio Wardley's ""bin-man"" jibe by vowing to make the world champion pay for the ""disrespect"".",https://www.bbc.com/sport/boxing/articles/c302m1m2z3qo?at_medium=RSS&at_campaign=rss,"Thu, 07 May 2026 14:47:36 GMT",2026-05-08T05:49:39.848615
